{
  "model": "yolov8m.pt",
  "backend": "torch",
  "device": "0",
  "imgsz": 640,
  "frames_run": 301,
  "fps": 30.987018271559098,
  "latency_e2e_ms": {
    "mean_ms": 31.178388041459595,
    "stdev_ms": 8.610292065205643,
    "p50": 28.92680000513792,
    "p90": 43.80790004506707,
    "p99": 53.92950004898012
  },
  "latency_breakdown_mean_ms": {
    "pre": 1.0866199340052483,
    "infer": 14.232876754684554,
    "post": 15.560484047286039
  },
  "system_means": {
    "cpu_util_mean_pct": 13.725581395348836,
    "ram_used_mean_mb": 14578.13825010382,
    "gpu_util_mean_pct": 28.893687707641195,
    "vram_used_mean_mb": 801.73046875,
    "power_mean_w": 14.447923588039867
  },
  "energy_per_frame_j": 0.4662573036690221,
  "duration_s": 9.71374520007521
}